Day,Map
Day 1,"<iframe src=""https://www.google.com/maps/d/embed?mid=14SQO22uQjMOhV9Q8E7FtIW0fXMesXQw&ehbc=2E312F&noprof=1"" width=""100%"" height=""480""></iframe>"
Day 2,"<iframe src=""https://www.google.com/maps/d/embed?mid=14SQO22uQjMOhV9Q8E7FtIW0fXMesXQw&ehbc=2E312F&noprof=1"" width=""100%"" height=""480""></iframe>"
Day 3,"<iframe src=""https://www.google.com/maps/d/embed?mid=16not-P5qZezdTRAHL-W0BhUIyZNpXEw&ehbc=2E312F&noprof=1"" width=""100%"" height=""480""></iframe>"
Day 4,"<iframe src=""https://www.google.com/maps/d/embed?mid=1g9ZYp95N7OgXC8GwSDtvVXbikv742fo&ehbc=2E312F&noprof=1"" width=""100%"" height=""480""></iframe>"
Day 5,"<iframe src=""https://www.google.com/maps/d/embed?mid=1eRRn2Q6RY1QEGECxiQC3F3eXJZ4QbFs&ehbc=2E312F&noprof=1"" width=""100%"" height=""480""></iframe>"
Day 6,"<iframe src=""https://www.google.com/maps/d/embed?mid=1f84QU5RhBBXX-YLQmfDVseVNaWkShsQ&ehbc=2E312F&noprof=1"" width=""100%"" height=""480""></iframe>"
Day 7 ,"<iframe src=""https://www.google.com/maps/d/embed?mid=1yLxSSLW5Rj9_ULPOxlD1ptzMxLuSyjc&ehbc=2E312F&noprof=1"" width=""100%"" height=""480""></iframe>"
Day 8,"<iframe src=""https://www.google.com/maps/d/embed?mid=1Vl6k8M4-dpx0eJ8ClUu7O3XwsNTDn60&ehbc=2E312F&noprof=1"" width=""100%"" height=""480""></iframe>"
Day 9,"<iframe src=""https://www.google.com/maps/d/embed?mid=1rEEyKRYtWJ2wE3hfstl7ShVbcP9n3uw&ehbc=2E312F&noprof=1"" width=""100%"" height=""480""></iframe>"
Day 1o,"<iframe src=""https://www.google.com/maps/d/embed?mid=1p5j0Ep3wf98qhPSuZYWVhZ3qrQnPHuI&ehbc=2E312F&noprof=1"" width=""100%"" height=""480""></iframe>"